"bfsnr","municipality"
"1","Aeugst am Albis"
"2","Affoltern am Albis"
"4","Hausen am Albis"
"5","Hedingen"
"8","Maschwanden"
"12","Rifferswil"
"14","Wettswil am Albis"
"29","Flurlingen"
"30","Andelfingen"
"32","Humlikon"
"33","Kleinandelfingen"
"38","Rheinau"
"53","Bülach"
"57","Freienstein-Teufen"
"58","Glattfelden"
"60","Höri"
"63","Lufingen"
"65","Oberembrach"
"67","Rafz"
"72","Winkel"
"81","Bachs"
"87","Hüttikon"
"91","Niederweningen"
"93","Oberweningen"
"95","Regensberg"
"97","Rümlang"
"98","Schleinikon"
"101","Steinmaur"
"114","Fischenthal"
"115","Gossau (ZH)"
"117","Hinwil"
"120","Wald (ZH)"
"135","Kilchberg (ZH)"
"137","Oberrieden"
"139","Rüschlikon"
"156","Meilen"
"176","Lindau"
"181","Wila"
"196","Mönchaltorf"
"214","Dägerlen"
"215","Dättlikon"
"218","Ellikon an der Thur"
"224","Pfungen"
"226","Schlatt (ZH)"
"227","Seuzach"
"228","Turbenthal"
"241","Aesch (ZH)"
"246","Oetwil an der Limmat"
"297","Bauma"
"302","Bargen (BE)"
"304","Kallnach"
"306","Lyss"
"310","Rapperswil (BE)"
"323","Bannwil"
"326","Gondiswil"
"329","Langenthal"
"331","Lotzwil"
"335","Oeschenbach"
"340","Rütschelen"
"344","Ursenbach"
"345","Wynau"
"356","Muri bei Bern"
"359","Vechigen"
"372","Evilard"
"382","Büetigen"
"385","Diessbach bei Büren"
"391","Oberwil bei Büren"
"401","Aefligen"
"402","Alchenstorf"
"406","Hasle bei Burgdorf"
"407","Heimiswil"
"409","Hindelbank"
"410","Höchstetten"
"411","Kernenried"
"412","Kirchberg (BE)"
"414","Krauchthal"
"418","Oberburg"
"421","Rumendingen"
"422","Rüti bei Lyssach"
"423","Willadingen"
"431","Corgémont"
"435","La Ferrière"
"441","Renan (BE)"
"442","Romont (BE)"
"497","Lüscherz"
"501","Tschugg"
"502","Vinelz"
"543","Mattstetten"
"552","Utzenstorf"
"561","Adelboden"
"565","Kandersteg"
"566","Krattigen"
"572","Bönigen"
"574","Brienzwiler"
"578","Gündlischwand"
"579","Habkern"
"582","Iseltwald"
"586","Lütschental"
"587","Matten bei Interlaken"
"589","Oberried am Brienzersee"
"602","Arni (BE)"
"607","Freimettigen"
"609","Häutligen"
"611","Kiesen"
"612","Konolfingen"
"616","Münsingen"
"617","Niederhünigen"
"627","Worb"
"665","Gurbrü"
"671","Wileroltigen"
"687","Corcelles (BE)"
"690","Court"
"692","Eschert"
"703","Reconvilier"
"704","Roches (BE)"
"707","Saules (BE)"
"708","Schelten"
"709","Seehof"
"715","Rebévelier"
"716","Petit-Val"
"734","Bühl"
"739","Ipsach"
"743","Nidau"
"744","Orpund"
"746","Safnern"
"747","Scheuren"
"748","Schwadernau"
"754","Walperswil"
"755","Worben"
"766","Oberwil im Simmental"
"768","Spiez"
"785","Meiringen"
"786","Schattenhalb"
"794","Zweisimmen"
"853","Rüschegg"
"866","Gerzensee"
"872","Kirchdorf (BE)"
"877","Niedermuhlern"
"888","Wald (BE)"
"905","Rüderswil"
"906","Schangnau"
"921","Amsoldingen"
"922","Blumenstein"
"925","Fahrni"
"927","Heiligenschwendi"
"928","Heimberg"
"929","Hilterfingen"
"931","Homberg"
"934","Oberhofen am Thunersee"
"935","Oberlangenegg"
"936","Pohlern"
"938","Sigriswil"
"939","Steffisburg"
"945","Unterlangenegg"
"947","Zwieselberg"
"952","Dürrenroth"
"957","Sumiswald"
"958","Trachselwald"
"960","Wyssachen"
"975","Farnern"
"982","Niederönz"
"987","Rumisberg"
"991","Walliswil bei Wangen"
"1002","Entlebuch"
"1008","Schüpfheim"
"1010","Escholzmatt-Marbach"
"1024","Emmen"
"1026","Eschenbach (LU)"
"1031","Hochdorf"
"1032","Hohenrain"
"1040","Rothenburg"
"1041","Schongau"
"1063","Meggen"
"1064","Meierskappel"
"1065","Root"
"1067","Udligenswil"
"1069","Weggis"
"1081","Beromünster"
"1082","Büron"
"1083","Buttisholz"
"1086","Grosswangen"
"1102","Sempach"
"1107","Wolhusen"
"1123","Altishofen"
"1125","Dagmersellen"
"1129","Fischbach"
"1131","Grossdietwil"
"1135","Luthern"
"1139","Pfaffnau"
"1143","Schötz"
"1145","Ufhusen"
"1146","Wauwil"
"1206","Erstfeld"
"1209","Gurtnellen"
"1210","Hospental"
"1211","Isenthal"
"1215","Seelisberg"
"1218","Spiringen"
"1219","Unterschächen"
"1321","Feusisberg"
"1331","Küssnacht (SZ)"
"1341","Altendorf"
"1344","Lachen"
"1364","Ingenbohl"
"1373","Steinen"
"1401","Alpnach"
"1403","Giswil"
"1406","Sachseln"
"1501","Beckenried"
"1503","Dallenwil"
"1506","Ennetmoos"
"1509","Stans"
"1630","Glarus Nord"
"1631","Glarus Süd"
"1701","Baar"
"1706","Oberägeri"
"1708","Steinhausen"
"2011","Cugy (FR)"
"2016","Fétigny"
"2038","Prévondavaux"
"2054","Estavayer"
"2055","Cheyres-Châbles"
"2067","Le Châtelard"
"2072","Ecublens (FR)"
"2089","Montet (Glâne)"
"2096","Romont (FR)"
"2102","Ursy"
"2113","Vuisternens-devant-Romont"
"2115","Torny"
"2122","Pont-en-Ogoz"
"2128","Châtel-sur-Montsalvens"
"2129","Corbières"
"2135","Gruyères"
"2138","Jaun"
"2143","Morlon"
"2145","Le Pâquier (FR)"
"2147","Pont-la-Ville"
"2155","Vaulruz"
"2162","Bas-Intyamon"
"2183","Corminboeuf"
"2196","Fribourg"
"2197","Givisiez"
"2208","Matran"
"2216","Pierrafortscha"
"2226","Treyvaux"
"2230","Villarsel-sur-Marly"
"2235","La Sonnaz"
"2236","Gibloux"
"2237","Prez"
"2238","Bois-d'Amont"
"2272","Misery-Courtion"
"2274","Muntelier"
"2278","Ulmiz"
"2295","Bösingen"
"2296","Heitenried"
"2308","Ueberstorf"
"2321","Attalens"
"2323","Bossonnens"
"2325","Châtel-Saint-Denis"
"2328","Granges (Veveyse)"
"2333","Remaufens"
"2336","Semsales"
"2401","Egerkingen"
"2403","Kestenholz"
"2404","Neuendorf"
"2408","Wolfwil"
"2424","Herbetswil"
"2427","Matzendorf"
"2445","Biezwil"
"2456","Lüterswil-Gächliwil"
"2463","Unterramsern"
"2472","Büren (SO)"
"2473","Dornach"
"2474","Gempen"
"2477","Metzerlen-Mariastein"
"2495","Niedergösgen"
"2503","Erlinsbach (SO)"
"2513","Biberist"
"2516","Deitingen"
"2524","Hüniken"
"2525","Kriegstetten"
"2526","Lohn-Ammannsegg"
"2527","Luterbach"
"2532","Subingen"
"2541","Balm bei Günsberg"
"2545","Flumenthal"
"2547","Günsberg"
"2548","Hubersdorf"
"2551","Lommiswil"
"2574","Eppenberg-Wöschnau"
"2578","Gunzgen"
"2579","Hägendorf"
"2584","Starrkirch-Wil"
"2585","Walterswil (SO)"
"2611","Bärschwil"
"2613","Breitenbach"
"2764","Biel-Benken"
"2767","Bottmingen"
"2769","Münchenstein"
"2770","Muttenz"
"2775","Therwil"
"2785","Duggingen"
"2787","Laufen"
"2789","Nenzlingen"
"2791","Röschenz"
"2792","Wahlen"
"2793","Zwingen"
"2827","Hersberg"
"2832","Ramlinsburg"
"2834","Ziefen"
"2841","Anwil"
"2844","Buus"
"2845","Diepflingen"
"2846","Gelterkinden"
"2855","Oltingen"
"2868","Zeglingen"
"2881","Arboldswil"
"2885","Eptingen"
"2886","Hölstein"
"2895","Waldenburg"
"2904","Neunkirch"
"2914","Büttenhardt"
"2919","Stetten (SH)"
"2936","Merishausen"
"2937","Neuhausen am Rheinfall"
"2953","Siblingen"
"2971","Hallau"
"2972","Oberhallau"
"2974","Wilchingen"
"3001","Herisau"
"3005","Stein (AR)"
"3007","Waldstatt"
"3021","Bühler"
"3024","Teufen (AR)"
"3036","Wald (AR)"
"3213","Goldach"
"3214","Mörschwil"
"3216","Rorschacherberg"
"3217","Steinach"
"3219","Untereggen"
"3237","Thal"
"3238","Widnau"
"3253","Marbach (SG)"
"3256","Rüthi (SG)"
"3274","Sennwald"
"3275","Sevelen"
"3316","Weesen"
"3352","Ebnat-Kappel"
"3360","Nesslau"
"3378","Neckertal"
"3379","Wattwil"
"3402","Flawil"
"3422","Niederbüren"
"3424","Oberbüren"
"3442","Gaiserwald"
"3443","Gossau (SG)"
"3506","Vaz/Obervaz"
"3542","Albula/Alvra"
"3572","Falera"
"3581","Sagogn"
"3582","Schluein"
"3619","Ilanz/Glion"
"3633","Fürstenau"
"3637","Rothenbrunnen"
"3640","Sils im Domleschg"
"3661","Cazis"
"3670","Urmein"
"3695","Sufers"
"3701","Andeer"
"3711","Rongellen"
"3712","Zillis-Reischen"
"3713","Ferrera"
"3722","Domat/Ems"
"3731","Felsberg"
"3733","Tamins"
"3762","Scuol"
"3764","Valsot"
"3788","S-chanf"
"3792","Bregaglia"
"3808","Rossa"
"3810","Santa Maria in Calanca"
"3835","San Vittore"
"3837","Calanca"
"3862","Furna"
"3863","Jenaz"
"3901","Chur"
"3911","Churwalden"
"3921","Arosa"
"3945","Trimmis"
"3947","Zizers"
"3951","Fläsch"
"3952","Jenins"
"3953","Maienfeld"
"3955","Landquart"
"3983","Medel (Lucmagn)"
"3985","Sumvitg"
"3987","Trun"
"4006","Gränichen"
"4022","Bellikon"
"4026","Ennetbaden"
"4027","Fislisbach"
"4029","Gebenstorf"
"4031","Künten"
"4032","Mägenwil"
"4034","Neuenhof"
"4035","Niederrohrdorf"
"4040","Spreitenbach"
"4044","Untersiggenthal"
"4045","Wettingen"
"4047","Würenlingen"
"4048","Würenlos"
"4049","Ehrendingen"
"4066","Eggenwil"
"4071","Jonen"
"4073","Oberlunkhofen"
"4074","Oberwil-Lieli"
"4076","Sarmenstorf"
"4080","Villmergen"
"4082","Wohlen (AG)"
"4084","Islisberg"
"4092","Birr"
"4095","Brugg"
"4104","Lupfig"
"4105","Mandach"
"4106","Mönthal"
"4111","Riniken"
"4117","Thalheim (AG)"
"4123","Windisch"
"4124","Bözberg"
"4136","Holziken"
"4142","Schlossrued"
"4144","Schöftland"
"4146","Unterkulm"
"4161","Eiken"
"4169","Kaisten"
"4172","Münchwilen (AG)"
"4175","Oeschgen"
"4176","Schwaderloch"
"4181","Wittnau"
"4197","Hallwil"
"4198","Hendschiken"
"4199","Holderbank (AG)"
"4201","Lenzburg"
"4202","Meisterschwanden"
"4205","Othmarsingen"
"4206","Rupperswil"
"4234","Merenschwand"
"4235","Mühlau"
"4237","Oberrüti"
"4239","Sins"
"4252","Kaiseraugst"
"4255","Mumpf"
"4257","Olsberg"
"4258","Rheinfelden"
"4260","Stein (AG)"
"4262","Wegenstetten"
"4271","Aarburg"
"4286","Uerkheim"
"4303","Böttstein"
"4306","Fisibach"
"4309","Klingnau"
"4310","Koblenz"
"4313","Leuggern"
"4314","Mellikon"
"4320","Tegerfelden"
"4401","Arbon"
"4406","Dozwil"
"4416","Hefenhofen"
"4426","Kesswil"
"4431","Roggwil (TG)"
"4451","Uttwil"
"4471","Bischofszell"
"4476","Erlen"
"4495","Hohentannen"
"4506","Sulgen"
"4545","Diessenhofen"
"4546","Schlatt (TG)"
"4551","Aadorf"
"4606","Stettfurt"
"4621","Warth-Weiningen"
"4646","Ermatingen"
"4671","Kreuzlingen"
"4681","Langrickenbach"
"4683","Lengwil"
"4696","Tägerwilen"
"4701","Wäldi"
"4711","Affeltrangen"
"4721","Bichelsee-Balterswil"
"4724","Eschlikon"
"4746","Münchwilen (TG)"
"4786","Wilen (TG)"
"4846","Raperswilen"
"4881","Amlikon-Bissegg"
"4901","Birwinken"
"4911","Bürglen (TG)"
"4941","Märstetten"
"4946","Weinfelden"
"5001","Arbedo-Castione"
"5049","Blenio"
"5077","Pollegio"
"5079","Quinto"
"5096","Brione sopra Minusio"
"5097","Brissago"
"5108","Gordola"
"5115","Losone"
"5117","Mergoscia"
"5131","Tenero-Contra"
"5138","Cugnasco-Gerra"
"5141","Agno"
"5162","Cadempino"
"5192","Lugano"
"5194","Manno"
"5203","Morcote"
"5205","Muzzano"
"5206","Neggio"
"5212","Ponte Capriasca"
"5214","Porza"
"5230","Vernate"
"5231","Vezia"
"5237","Alto Malcantone"
"5239","Tresa"
"5240","Val Mara"
"5250","Chiasso"
"5254","Mendrisio"
"5260","Novazzano"
"5398","Gambarogno"
"5401","Aigle"
"5406","Lavey-Morcles"
"5407","Leysin"
"5408","Noville"
"5414","Villeneuve (VD)"
"5422","Aubonne"
"5423","Ballens"
"5424","Berolle"
"5426","Bougy-Villars"
"5429","Longirod"
"5430","Marchissy"
"5431","Mollens (VD)"
"5436","Saint-Oyens"
"5437","Saubraz"
"5472","Bournens"
"5473","Boussens"
"5474","La Chaux (Cossonay)"
"5486","L'Isle"
"5487","Lussery-Villars"
"5488","Mauraz"
"5498","La Sarraz"
"5499","Senarclens"
"5501","Sullens"
"5511","Assens"
"5521","Etagnières"
"5523","Froideville"
"5527","Morrens (VD)"
"5529","Oulens-sous-Echallens"
"5531","Penthéréaz"
"5541","Goumoëns"
"5551","Bonvillars"
"5552","Bullet"
"5557","Fontaines-sur-Grandson"
"5560","Grandevent"
"5562","Mauborget"
"5563","Mutrux"
"5568","Sainte-Croix"
"5584","Epalinges"
"5585","Jouxtens-Mézery"
"5587","Le Mont-sur-Lausanne"
"5604","Forel (Lavaux)"
"5624","Bussigny"
"5633","Echandens"
"5635","Ecublens (VD)"
"5637","Lavigny"
"5642","Morges"
"5646","Saint-Prex"
"5649","Tolochenaz"
"5653","Vufflens-le-Château"
"5665","Chavannes-sur-Moudon"
"5669","Curtilles"
"5680","Ogens"
"5684","Rossenges"
"5688","Syens"
"5690","Villars-le-Comte"
"5692","Vucherens"
"5693","Montanaire"
"5705","Bogis-Bossey"
"5706","Borex"
"5708","Chavannes-des-Bois"
"5712","Coppet"
"5717","Founex"
"5718","Genolier"
"5719","Gingins"
"5725","Prangins"
"5726","La Rippe"
"5728","Signy-Avenex"
"5729","Tannay"
"5748","Bretonnières"
"5750","Les Clées"
"5754","Juriens"
"5756","Montcherand"
"5758","La Praz"
"5759","Premier"
"5763","Valeyres-sous-Rances"
"5764","Vallorbe"
"5803","Vulliens"
"5806","Jorat-Mézières"
"5822","Payerne"
"5827","Trey"
"5841","Château-d'Oex"
"5843","Rougemont"
"5852","Bursinel"
"5855","Dully"
"5858","Luins"
"5861","Rolle"
"5882","Chardonne"
"5884","Corsier-sur-Vevey"
"5886","Montreux"
"5890","Vevey"
"5902","Belmont-sur-Yverdon"
"5904","Chamblon"
"5905","Champvent"
"5913","Donneloye"
"5914","Ependes (VD)"
"5922","Montagny-près-Yverdon"
"5924","Orges"
"5926","Pomy"
"5928","Rovray"
"5930","Suscévaz"
"5937","Vugelles-La Mothe"
"6004","Eggerberg"
"6008","Ried-Brig"
"6032","Bourg-Saint-Pierre"
"6056","Ernen"
"6058","Fieschertal"
"6061","Lax"
"6082","Ayent"
"6089","Vex"
"6109","Inden"
"6111","Leukerbad"
"6113","Salgesch"
"6133","Fully"
"6134","Isérables"
"6136","Martigny"
"6140","Saillon"
"6141","Saxon"
"6157","Val-d'Illiez"
"6158","Vionnaz"
"6173","Bitsch"
"6198","Niedergesteln"
"6199","Raron"
"6203","Mörel-Filet"
"6215","Massongex"
"6218","Salvan"
"6220","Vérossaz"
"6232","Chalais"
"6235","Chippis"
"6238","Grône"
"6253","Crans-Montana"
"6254","Noble-Contrée"
"6267","Veysonnaz"
"6282","Eisten"
"6286","Lalden"
"6288","Saas-Almagell"
"6290","Saas-Fee"
"6291","Saas-Grund"
"6293","Stalden (VS)"
"6295","Täsch"
"6296","Törbel"
"6297","Visp"
"6299","Zeneggen"
"6300","Zermatt"
"6408","Cortaillod"
"6413","Rochefort"
"6422","Les Planchettes"
"6433","Brot-Plamboz"
"6435","La Chaux-du-Milieu"
"6453","Enges"
"6454","Hauterive (NE)"
"6458","Neuchâtel"
"6461","La Tène"
"6608","Carouge (GE)"
"6610","Céligny"
"6612","Chêne-Bougeries"
"6613","Chêne-Bourg"
"6614","Choulex"
"6618","Confignon"
"6621","Genève"
"6626","Jussy"
"6627","Laconnex"
"6631","Onex"
"6632","Perly-Certoux"
"6633","Plan-les-Ouates"
"6634","Pregny-Chambésy"
"6635","Presinge"
"6636","Puplinge"
"6638","Satigny"
"6644","Versoix"
"6706","Courchapoix"
"6710","Courtételle"
"6712","Develier"
"6718","Movelier"
"6729","Haute-Sorne"
"6748","Les Genevez (JU)"
"6753","Muriaux"
"6754","Le Noirmont"
"6758","Saint-Brais"
"6773","Beurnevésin"
"6781","Coeuve"
"6783","Courchavon"
"6787","Damphreux"
"6809","Haute-Ajoie"
"7007","Eschen"
"7009","Gamprin"
"7","Knonau"
"9","Mettmenstetten"
"21","Adlikon"
"23","Berg am Irchel"
"24","Buch am Irchel"
"25","Dachsen"
"26","Dorf"
"28","Flaach"
"35","Marthalen"
"37","Ossingen"
"40","Trüllikon"
"43","Volken"
"52","Bassersdorf"
"54","Dietlikon"
"56","Embrach"
"59","Hochfelden"
"61","Hüntwangen"
"66","Opfikon"
"68","Rorbas"
"69","Wallisellen"
"85","Dänikon"
"86","Dielsdorf"
"89","Niederglatt"
"90","Niederhasli"
"94","Otelfingen"
"99","Schöfflisdorf"
"100","Stadel"
"111","Bäretswil"
"116","Grüningen"
"118","Rüti (ZH)"
"119","Seegräben"
"141","Thalwil"
"153","Hombrechtikon"
"159","Uetikon am See"
"160","Zumikon"
"161","Zollikon"
"173","Hittnau"
"191","Dübendorf"
"193","Fällanden"
"194","Greifensee"
"195","Maur"
"197","Schwerzenbach"
"200","Wangen-Brüttisellen"
"216","Dinhard"
"219","Elsau"
"230","Winterthur"
"231","Zell (ZH)"
"243","Dietikon"
"248","Uitikon"
"293","Wädenswil"
"296","Illnau-Effretikon"
"298","Wiesendangen"
"305","Kappelen"
"307","Meikirch"
"309","Radelfingen"
"311","Schüpfen"
"312","Seedorf (BE)"
"324","Bleienbach"
"332","Madiswil"
"337","Roggwil (BE)"
"341","Schwarzhäusern"
"342","Thunstetten"
"351","Bern"
"352","Bolligen"
"353","Bremgarten bei Bern"
"354","Kirchlindach"
"358","Stettlen"
"361","Zollikofen"
"363","Ostermundigen"
"383","Büren an der Aare"
"387","Lengnau (BE)"
"392","Pieterlen"
"393","Rüti bei Büren"
"394","Wengi"
"403","Bäriswil"
"404","Burgdorf"
"413","Koppigen"
"415","Lyssach"
"424","Wynigen"
"433","Cortébert"
"445","Sonvilier"
"449","Sauge"
"491","Brüttelen"
"493","Finsterhennen"
"496","Ins"
"500","Treiten"
"533","Bätterkinden"
"535","Deisswil bei Münchenbuchsee"
"540","Jegenstorf"
"551","Urtenen-Schönbühl"
"553","Wiggiswil"
"554","Wiler bei Utzenstorf"
"556","Zielebach"
"563","Frutigen"
"567","Reichenbach im Kandertal"
"575","Därligen"
"576","Grindelwald"
"577","Gsteigwiler"
"580","Hofstetten bei Brienz"
"581","Interlaken"
"590","Ringgenberg (BE)"
"592","Schwanden bei Brienz"
"593","Unterseen"
"594","Wilderswil"
"605","Bowil"
"606","Brenzikofen"
"614","Linden"
"629","Oberhünigen"
"666","Kriechenwil"
"668","Mühleberg"
"670","Neuenegg"
"681","Belprahon"
"691","Crémines"
"694","Grandval"
"701","Perrefitte"
"713","Tavannes"
"724","Nods"
"726","Plateau de Diesse"
"731","Aegerten"
"732","Bellmund"
"733","Brügg"
"736","Hagneck"
"737","Hermrigen"
"738","Jens"
"740","Ligerz"
"741","Merzligen"
"742","Mörigen"
"750","Sutz-Lattrigen"
"751","Täuffelen"
"761","Därstetten"
"762","Diemtigen"
"769","Wimmis"
"770","Stocken-Höfen"
"783","Hasliberg"
"784","Innertkirchen"
"792","Lenk"
"841","Gsteig"
"842","Lauenen"
"855","Schwarzenburg"
"863","Burgistein"
"867","Gurzelen"
"868","Jaberg"
"870","Kehrsatz"
"879","Riggisberg"
"880","Rüeggisberg"
"884","Toffen"
"902","Langnau im Emmental"
"903","Lauperswil"
"908","Trub"
"941","Thierachern"
"942","Thun"
"943","Uebeschi"
"944","Uetendorf"
"946","Wachseldorn"
"948","Forst-Längenbühl"
"953","Eriswil"
"954","Huttwil"
"955","Lützelflüh"
"973","Bettenhausen"
"980","Inkwil"
"983","Oberbipp"
"985","Ochlenberg"
"988","Seeberg"
"1007","Romoos"
"1021","Aesch (LU)"
"1025","Ermensee"
"1030","Hitzkirch"
"1033","Inwil"
"1051","Adligenswil"
"1055","Gisikon"
"1059","Kriens"
"1066","Schwarzenberg"
"1091","Mauensee"
"1095","Oberkirch"
"1127","Egolzwil"
"1128","Ettiswil"
"1136","Menznau"
"1137","Nebikon"
"1140","Reiden"
"1147","Wikon"
"1201","Altdorf (UR)"
"1203","Attinghausen"
"1205","Bürglen (UR)"
"1208","Göschenen"
"1213","Schattdorf"
"1216","Silenen"
"1217","Sisikon"
"1311","Gersau"
"1323","Wollerau"
"1342","Galgenen"
"1346","Schübelbach"
"1347","Tuggen"
"1366","Morschach"
"1367","Muotathal"
"1371","Sattel"
"1372","Schwyz"
"1405","Lungern"
"1504","Emmetten"
"1505","Ennetbürgen"
"1702","Cham"
"1704","Menzingen"
"1707","Risch"
"1709","Unterägeri"
"1711","Zug"
"2022","Gletterens"
"2025","Lully (FR)"
"2027","Ménières"
"2029","Montagny (FR)"
"2035","Nuvilly"
"2041","Saint-Aubin (FR)"
"2044","Surpierre"
"2051","Delley-Portalban"
"2053","Belmont-Broye"
"2061","Auboranges"
"2068","Châtonnaye"
"2079","Grangettes"
"2086","Massonnens"
"2097","Rue"
"2099","Siviriez"
"2114","Villorsonnens"
"2117","Villaz"
"2123","Botterens"
"2124","Broc"
"2125","Bulle"
"2130","Crésuz"
"2131","Echarlens"
"2134","Grandvillard"
"2140","Marsens"
"2148","Riaz"
"2149","La Roche"
"2152","Sâles"
"2153","Sorens"
"2163","Val-de-Charmey"
"2174","Avry"
"2177","Chénens"
"2186","Cottens (FR)"
"2200","Grolley"
"2206","Marly"
"2250","Courgevaux"
"2254","Courtepin"
"2261","Greng"
"2262","Gurmels"
"2265","Kerzers"
"2292","Brünisried"
"2309","Wünnewil-Flamatt"
"2337","Le Flon"
"2338","La Verrerie"
"2405","Niederbuchsiten"
"2407","Oensingen"
"2421","Aedermannsdorf"
"2426","Laupersdorf"
"2428","Mümliswil-Ramiswil"
"2455","Lüterkofen-Ichertswil"
"2457","Messen"
"2464","Lüsslingen-Nennigkofen"
"2471","Bättwil"
"2491","Hauenstein-Ifenthal"
"2492","Kienberg"
"2493","Lostorf"
"2499","Stüsslingen"
"2501","Winznau"
"2511","Aeschi (SO)"
"2514","Bolken"
"2520","Halten"
"2523","Horriwil"
"2528","Obergerlafingen"
"2530","Recherswil"
"2542","Bellach"
"2549","Kammersrohr"
"2550","Langendorf"
"2553","Oberdorf (SO)"
"2554","Riedholz"
"2556","Selzach"
"2572","Däniken"
"2576","Gretzenbach"
"2583","Schönenwerd"
"2586","Wangen bei Olten"
"2614","Büsserach"
"2616","Fehren"
"2618","Himmelried"
"2619","Kleinlützel"
"2620","Meltingen"
"2621","Nunningen"
"2622","Zullwil"
"2701","Basel"
"2702","Bettingen"
"2703","Riehen"
"2766","Birsfelden"
"2771","Oberwil (BL)"
"2773","Reinach (BL)"
"2782","Brislach"
"2784","Dittingen"
"2786","Grellingen"
"2788","Liesberg"
"2821","Arisdorf"
"2822","Augst"
"2825","Füllinsdorf"
"2826","Giebenach"
"2833","Seltisberg"
"2842","Böckten"
"2843","Buckten"
"2847","Häfelfingen"
"2850","Känerkinden"
"2851","Kilchberg (BL)"
"2858","Rothenfluh"
"2860","Rünenberg"
"2862","Tecknau"
"2866","Wintersingen"
"2869","Zunzgen"
"2882","Bennwil"
"2883","Bretzwil"
"2884","Diegten"
"2888","Langenbruck"
"2889","Lauwil"
"2890","Liedertswil"
"2917","Lohn (SH)"
"2920","Thayngen"
"2931","Bargen (SH)"
"2933","Buchberg"
"2951","Beggingen"
"2961","Buch (SH)"
"2962","Hemishofen"
"2973","Trasadingen"
"3002","Hundwil"
"3006","Urnäsch"
"3022","Gais"
"3023","Speicher"
"3025","Trogen"
"3031","Grub (AR)"
"3033","Lutzenberg"
"3037","Walzenhausen"
"3038","Wolfhalden"
"3101","Appenzell"
"3202","Muolen"
"3203","St. Gallen"
"3204","Wittenbach"
"3212","Eggersriet"
"3215","Rorschach"
"3235","Rheineck"
"3236","St. Margrethen"
"3255","Rebstein"
"3276","Wartau"
"3293","Mels"
"3294","Pfäfers"
"3295","Quarten"
"3297","Vilters-Wangs"
"3298","Walenstadt"
"3315","Schänis"
"3338","Schmerikon"
"3340","Rapperswil-Jona"
"3341","Gommiswald"
"3375","Oberhelfenschwil"
"3392","Kirchberg (SG)"
"3393","Lütisburg"
"3394","Mosnang"
"3401","Degersheim"
"3405","Jonschwil"
"3426","Zuzwil (SG)"
"3427","Wil (SG)"
"3441","Andwil (SG)"
"3444","Waldkirch"
"3514","Schmitten (GR)"
"3543","Surses"
"3544","Bergün Filisur"
"3551","Brusio"
"3618","Lumnezia"
"3638","Scharans"
"3668","Thusis"
"3732","Flims"
"3746","Zernez"
"3752","Samnaun"
"3781","Bever"
"3782","Celerina/Schlarigna"
"3783","Madulain"
"3784","Pontresina"
"3789","Sils im Engadin/Segl"
"3790","Silvaplana"
"3804","Buseno"
"3822","Mesocco"
"3823","Soazza"
"3832","Grono"
"3834","Roveredo (GR)"
"3847","Val Müstair"
"3861","Fideris"
"3882","Küblis"
"3954","Malans"
"3961","Grüsch"
"3972","Seewis im Prättigau"
"4001","Aarau"
"4003","Buchs (AG)"
"4005","Erlinsbach (AG)"
"4007","Hirschthal"
"4008","Küttigen"
"4009","Muhen"
"4012","Suhr"
"4013","Unterentfelden"
"4024","Birmenstorf (AG)"
"4037","Oberrohrdorf"
"4038","Obersiggenthal"
"4039","Remetschwil"
"4041","Stetten (AG)"
"4063","Bremgarten (AG)"
"4064","Büttikon"
"4065","Dottikon"
"4072","Niederwil (AG)"
"4077","Tägerig"
"4081","Widen"
"4083","Zufikon"
"4091","Auenstein"
"4099","Habsburg"
"4107","Mülligen"
"4120","Veltheim (AG)"
"4121","Villigen"
"4122","Villnachern"
"4125","Schinznach"
"4132","Birrwil"
"4134","Dürrenäsch"
"4137","Leimbach (AG)"
"4141","Reinach (AG)"
"4164","Gansingen"
"4165","Gipf-Oberfrick"
"4166","Herznach"
"4170","Laufenburg"
"4179","Ueken"
"4183","Zeihen"
"4184","Mettauertal"
"4191","Ammerswil"
"4192","Boniswil"
"4193","Brunegg"
"4194","Dintikon"
"4196","Fahrwangen"
"4204","Niederlenz"
"4208","Seengen"
"4210","Staufen"
"4221","Abtwil"
"4223","Auw"
"4227","Bettwil"
"4229","Bünzen"
"4230","Buttwil"
"4233","Kallern"
"4240","Waltenschwil"
"4251","Hellikon"
"4254","Möhlin"
"4256","Obermumpf"
"4261","Wallbach"
"4275","Kirchleerau"
"4279","Murgenthal"
"4282","Rothrist"
"4284","Staffelbach"
"4288","Wiliberg"
"4312","Lengnau (AG)"
"4446","Sommeri"
"4486","Hauptwil-Gottshaus"
"4536","Basadingen-Schlattingen"
"4561","Felben-Wellhausen"
"4566","Frauenfeld"
"4601","Neunforn"
"4641","Altnau"
"4643","Bottighofen"
"4651","Gottlieben"
"4656","Güttingen"
"4666","Kemmental"
"4691","Münsterlingen"
"4716","Bettwiesen"
"4741","Lommis"
"4756","Schönholzerswilen"
"4776","Tobel-Tägerschen"
"4811","Herdern"
"4821","Hüttwilen"
"4831","Müllheim"
"4864","Steckborn"
"4871","Wagenhausen"
"4891","Berg (TG)"
"4921","Bussnang"
"5010","Lumino"
"5017","Sant'Antonino"
"5048","Acquarossa"
"5050","Serravalle"
"5061","Airolo"
"5064","Bodio"
"5071","Dalpe"
"5073","Giornico"
"5076","Personico"
"5078","Prato (Leventina)"
"5091","Ascona"
"5112","Lavertezzo"
"5125","Ronco sopra Ascona"
"5144","Arogno"
"5154","Bissone"
"5160","Brusino Arsizio"
"5171","Caslano"
"5186","Grancia"
"5187","Gravesano"
"5189","Lamone"
"5208","Origlio"
"5216","Pura"
"5221","Savosa"
"5236","Collina d'Oro"
"5242","Balerna"
"5251","Coldrerio"
"5266","Stabio"
"5268","Vacallo"
"5269","Breggia"
"5287","Riviera"
"5310","Cevio"
"5315","Linescio"
"5396","Terre di Pedemonte"
"5397","Centovalli"
"5403","Chessel"
"5404","Corbeyrier"
"5405","Gryon"
"5409","Ollon"
"5410","Ormont-Dessous"
"5411","Ormont-Dessus"
"5413","Roche (VD)"
"5427","Féchy"
"5434","Saint-George"
"5451","Avenches"
"5458","Faoug"
"5476","Chevilly"
"5479","Cuarnens"
"5480","Daillens"
"5481","Dizy"
"5482","Eclépens"
"5484","Gollion"
"5485","Grancy"
"5489","Mex (VD)"
"5491","Mont-la-Ville"
"5495","Penthalaz"
"5496","Penthaz"
"5497","Pompaples"
"5503","Vufflens-la-Ville"
"5515","Bretigny-sur-Morrens"
"5516","Cugy (VD)"
"5518","Echallens"
"5522","Fey"
"5535","Saint-Barthélemy (VD)"
"5539","Vuarrens"
"5540","Montilliez"
"5555","Corcelles-près-Concise"
"5559","Giez"
"5561","Grandson"
"5565","Onnens (VD)"
"5571","Tévenon"
"5582","Cheseaux-sur-Lausanne"
"5583","Crissier"
"5588","Paudex"
"5591","Renens (VD)"
"5606","Lutry"
"5609","Rivaz"
"5610","Saint-Saphorin (Lavaux)"
"5613","Bourg-en-Lavaux"
"5621","Aclens"
"5622","Bremblens"
"5623","Buchillon"
"5629","Clarmont"
"5636","Etoy"
"5639","Lully (VD)"
"5640","Lussy-sur-Morges"
"5643","Préverenges"
"5651","Villars-Sainte-Croix"
"5652","Villars-sous-Yens"
"5654","Vullierens"
"5655","Yens"
"5661","Boulens"
"5663","Bussy-sur-Moudon"
"5671","Dompierre (VD)"
"5673","Hermenches"
"5675","Lucens"
"5678","Moudon"
"5683","Prévonloup"
"5702","Arzier-Le Muids"
"5703","Bassins"
"5704","Begnins"
"5707","Chavannes-de-Bogis"
"5720","Givrins"
"5721","Gland"
"5731","Le Vaud"
"5732","Vich"
"5742","Agiez"
"5743","Arnex-sur-Orbe"
"5744","Ballaigues"
"5746","Bavois"
"5761","Romainmôtier-Envy"
"5765","Vaulion"
"5785","Corcelles-le-Jorat"
"5792","Montpreveyres"
"5798","Ropraz"
"5799","Servion"
"5812","Champtauroz"
"5817","Grandcour"
"5819","Henniez"
"5821","Missy"
"5828","Treytorrens (Payerne)"
"5830","Villarzel"
"5842","Rossinière"
"5853","Bursins"
"5854","Burtigny"
"5856","Essertines-sur-Rolle"
"5857","Gilly"
"5859","Mont-sur-Rolle"
"5860","Perroy"
"5862","Tartegnin"
"5872","Le Chenit"
"5873","Le Lieu"
"5891","Veytaux"
"5892","Blonay - Saint-Légier"
"5903","Bioley-Magnoux"
"5909","Cheseaux-Noréaz"
"5910","Cronay"
"5923","Oppens"
"5925","Orzens"
"5931","Treycovagnes"
"5932","Ursins"
"5935","Villars-Epeney"
"5939","Yvonand"
"6009","Simplon"
"6010","Termen"
"6011","Zwischbergen"
"6021","Ardon"
"6022","Chamoson"
"6034","Orsières"
"6035","Sembrancher"
"6037","Val de Bagnes"
"6076","Obergoms"
"6084","Hérémence"
"6090","Mont-Noble"
"6104","Ergisch"
"6112","Oberems"
"6116","Varen"
"6117","Guttet-Feschel"
"6119","Turtmann-Unterems"
"6131","Bovernier"
"6135","Leytron"
"6139","Riddes"
"6142","Trient"
"6153","Monthey"
"6155","Saint-Gingolph"
"6192","Blatten"
"6193","Bürchen"
"6194","Eischoll"
"6195","Ferden"
"6197","Kippel"
"6212","Dorénaz"
"6213","Evionnaz"
"6214","Finhaut"
"6217","Saint-Maurice"
"6219","Vernayaz"
"6252","Anniviers"
"6263","Grimisuat"
"6266","Sion"
"6289","Saas-Balen"
"6292","St. Niklaus"
"6298","Visperterminen"
"6417","La Grande Béroche"
"6423","La Sagne"
"6434","Le Cerneux-Péquignot"
"6455","Le Landeron"
"6456","Lignières"
"6487","Val-de-Ruz"
"6504","La Côte-aux-Fées"
"6511","Les Verrières"
"6601","Aire-la-Ville"
"6606","Bellevue"
"6611","Chancy"
"6615","Collex-Bossy"
"6619","Corsier (GE)"
"6623","Le Grand-Saconnex"
"6624","Gy"
"6637","Russin"
"6640","Thônex"
"6641","Troinex"
"6642","Vandoeuvres"
"6702","Boécourt"
"6704","Châtillon (JU)"
"6715","Mervelier"
"6716","Mettembert"
"6722","Saulcy"
"6724","Soyhières"
"6730","Val Terbi"
"6742","Les Bois"
"6743","Les Breuleux"
"6744","La Chaux-des-Breuleux"
"6745","Les Enfers"
"6759","Soubey"
"6774","Boncourt"
"6775","Bonfol"
"6778","Bure"
"6789","Fahy"
"6790","Fontenais"
"6792","Grandfontaine"
"6808","Clos du Doubs"
"6810","La Baroche"
"7001","Vaduz"
"7003","Balzers"
"7006","Planken"
"7008","Mauren"
"7010","Ruggell"
"7301","Italien"
"3","Bonstetten"
"6","Kappel am Albis"
"10","Obfelden"
"11","Ottenbach"
"13","Stallikon"
"22","Benken (ZH)"
"27","Feuerthalen"
"31","Henggart"
"34","Laufen-Uhwiesen"
"39","Thalheim an der Thur"
"41","Truttikon"
"51","Bachenbülach"
"55","Eglisau"
"62","Kloten"
"64","Nürensdorf"
"70","Wasterkingen"
"71","Wil (ZH)"
"82","Boppelsen"
"83","Buchs (ZH)"
"84","Dällikon"
"88","Neerach"
"92","Oberglatt"
"96","Regensdorf"
"102","Weiach"
"112","Bubikon"
"113","Dürnten"
"121","Wetzikon (ZH)"
"131","Adliswil"
"136","Langnau am Albis"
"138","Richterswil"
"151","Erlenbach (ZH)"
"152","Herrliberg"
"154","Küsnacht (ZH)"
"155","Männedorf"
"157","Oetwil am See"
"158","Stäfa"
"172","Fehraltorf"
"177","Pfäffikon"
"178","Russikon"
"180","Weisslingen"
"182","Wildberg"
"192","Egg"
"198","Uster"
"199","Volketswil"
"211","Altikon"
"213","Brütten"
"220","Hagenbuch"
"221","Hettlingen"
"223","Neftenbach"
"225","Rickenbach (ZH)"
"242","Birmensdorf (ZH)"
"244","Geroldswil"
"245","Oberengstringen"
"247","Schlieren"
"249","Unterengstringen"
"250","Urdorf"
"251","Weiningen (ZH)"
"261","Zürich"
"292","Stammheim"
"294","Elgg"
"295","Horgen"
"301","Aarberg"
"303","Grossaffoltern"
"321","Aarwangen"
"322","Auswil"
"325","Busswil bei Melchnau"
"333","Melchnau"
"336","Reisiswil"
"338","Rohrbach"
"339","Rohrbachgraben"
"355","Köniz"
"357","Oberbalm"
"360","Wohlen bei Bern"
"362","Ittigen"
"371","Biel/Bienne"
"381","Arch"
"386","Dotzigen"
"388","Leuzigen"
"389","Meienried"
"390","Meinisberg"
"405","Ersigen"
"408","Hellsau"
"420","Rüdtligen-Alchenflüh"
"432","Cormoret"
"434","Courtelary"
"437","Mont-Tramelan"
"438","Orvin"
"443","Saint-Imier"
"444","Sonceboz-Sombeval"
"446","Tramelan"
"448","Villeret"
"450","Péry-La Heutte"
"492","Erlach"
"494","Gals"
"495","Gampelen"
"498","Müntschemier"
"499","Siselen"
"536","Diemerswil"
"538","Fraubrunnen"
"541","Iffwil"
"544","Moosseedorf"
"546","Münchenbuchsee"
"557","Zuzwil (BE)"
"562","Aeschi bei Spiez"
"564","Kandergrund"
"571","Beatenberg"
"573","Brienz (BE)"
"584","Lauterbrunnen"
"585","Leissigen"
"588","Niederried bei Interlaken"
"591","Saxeten"
"603","Biglen"
"608","Grosshöchstetten"
"610","Herbligen"
"613","Landiswil"
"615","Mirchel"
"619","Oberdiessbach"
"620","Oberthal"
"622","Oppligen"
"623","Rubigen"
"626","Walkringen"
"628","Zäziwil"
"630","Allmendingen"
"632","Wichtrach"
"662","Ferenbalm"
"663","Frauenkappelen"
"667","Laupen"
"669","Münchenwiler"
"683","Champoz"
"696","Loveresse"
"700","Moutier"
"706","Saicourt"
"711","Sorvilier"
"717","Valbirse"
"723","La Neuveville"
"735","Epsach"
"745","Port"
"749","Studen (BE)"
"756","Twann-Tüscherz"
"763","Erlenbach im Simmental"
"767","Reutigen"
"782","Guttannen"
"791","Boltigen"
"793","St. Stephan"
"843","Saanen"
"852","Guggisberg"
"861","Belp"
"869","Kaufdorf"
"883","Seftigen"
"885","Uttigen"
"886","Wattenwil"
"889","Thurnen"
"901","Eggiwil"
"904","Röthenbach im Emmental"
"907","Signau"
"909","Trubschachen"
"923","Buchholterberg"
"924","Eriz"
"932","Horrenbach-Buchen"
"940","Teuffenthal (BE)"
"951","Affoltern im Emmental"
"956","Rüegsau"
"959","Walterswil (BE)"
"971","Attiswil"
"972","Berken"
"976","Graben"
"977","Heimenhausen"
"979","Herzogenbuchsee"
"981","Niederbipp"
"989","Thörigen"
"990","Walliswil bei Niederbipp"
"992","Wangen an der Aare"
"993","Wangenried"
"995","Wiedlisbach"
"1001","Doppleschwand"
"1004","Flühli"
"1005","Hasle (LU)"
"1009","Werthenstein"
"1023","Ballwil"
"1037","Rain"
"1039","Römerswil"
"1052","Buchrain"
"1053","Dierikon"
"1054","Ebikon"
"1056","Greppen"
"1057","Honau"
"1058","Horw"
"1061","Luzern"
"1062","Malters"
"1068","Vitznau"
"1084","Eich"
"1085","Geuensee"
"1088","Hildisrieden"
"1089","Knutwil"
"1093","Neuenkirch"
"1094","Nottwil"
"1097","Rickenbach (LU)"
"1098","Ruswil"
"1099","Schenkon"
"1100","Schlierbach"
"1103","Sursee"
"1104","Triengen"
"1121","Alberswil"
"1122","Altbüron"
"1132","Hergiswil bei Willisau"
"1142","Roggliswil"
"1150","Zell (LU)"
"1151","Willisau"
"1202","Andermatt"
"1207","Flüelen"
"1212","Realp"
"1214","Seedorf (UR)"
"1220","Wassen"
"1301","Einsiedeln"
"1322","Freienbach"
"1343","Innerthal"
"1345","Reichenburg"
"1348","Vorderthal"
"1349","Wangen (SZ)"
"1361","Alpthal"
"1362","Arth"
"1363","Illgau"
"1365","Lauerz"
"1368","Oberiberg"
"1369","Riemenstalden"
"1370","Rothenthurm"
"1374","Steinerberg"
"1375","Unteriberg"
"1402","Engelberg"
"1404","Kerns"
"1407","Sarnen"
"1502","Buochs"
"1507","Hergiswil (NW)"
"1508","Oberdorf (NW)"
"1510","Stansstad"
"1511","Wolfenschiessen"
"1632","Glarus"
"1703","Hünenberg"
"1705","Neuheim"
"1710","Walchwil"
"2008","Châtillon (FR)"
"2043","Sévaz"
"2045","Vallon"
"2050","Les Montets"
"2063","Billens-Hennens"
"2066","Chapelle (Glâne)"
"2087","Mézières (FR)"
"2121","Haut-Intyamon"
"2137","Hauteville"
"2160","Vuadens"
"2173","Autigny"
"2175","Belfaux"
"2194","Ferpicloz"
"2198","Granges-Paccot"
"2211","Neyruz (FR)"
"2217","Ponthaux"
"2220","Le Mouret"
"2228","Villars-sur-Glâne"
"2233","Hauterive (FR)"
"2234","La Brillaz"
"2257","Cressier (FR)"
"2258","Fräschels"
"2266","Kleinbösingen"
"2271","Meyriez"
"2275","Murten"
"2276","Ried bei Kerzers"
"2284","Mont-Vully"
"2293","Düdingen"
"2294","Giffers"
"2299","Plaffeien"
"2300","Plasselb"
"2301","Rechthalten"
"2303","St. Silvester"
"2304","St. Ursen"
"2305","Schmitten (FR)"
"2306","Tafers"
"2307","Tentlingen"
"2335","Saint-Martin (FR)"
"2402","Härkingen"
"2406","Oberbuchsiten"
"2422","Balsthal"
"2425","Holderbank (SO)"
"2430","Welschenrohr-Gänsbrunnen"
"2461","Schnottwil"
"2465","Buchegg"
"2475","Hochwald"
"2476","Hofstetten-Flüh"
"2478","Nuglar-St. Pantaleon"
"2479","Rodersdorf"
"2480","Seewen"
"2481","Witterswil"
"2497","Obergösgen"
"2500","Trimbach"
"2502","Wisen (SO)"
"2517","Derendingen"
"2518","Etziken"
"2519","Gerlafingen"
"2529","Oekingen"
"2534","Zuchwil"
"2535","Drei Höfe"
"2543","Bettlach"
"2544","Feldbrunnen-St. Niklaus"
"2546","Grenchen"
"2555","Rüttenen"
"2571","Boningen"
"2573","Dulliken"
"2575","Fulenbach"
"2580","Kappel (SO)"
"2581","Olten"
"2582","Rickenbach (SO)"
"2601","Solothurn"
"2612","Beinwil (SO)"
"2615","Erschwil"
"2617","Grindel"
"2761","Aesch (BL)"
"2762","Allschwil"
"2763","Arlesheim"
"2765","Binningen"
"2768","Ettingen"
"2772","Pfeffingen"
"2774","Schönenbuch"
"2781","Blauen"
"2783","Burg im Leimental"
"2790","Roggenburg"
"2823","Bubendorf"
"2824","Frenkendorf"
"2828","Lausen"
"2829","Liestal"
"2830","Lupsingen"
"2831","Pratteln"
"2848","Hemmiken"
"2849","Itingen"
"2852","Läufelfingen"
"2853","Maisprach"
"2854","Nusshof"
"2856","Ormalingen"
"2857","Rickenbach (BL)"
"2859","Rümlingen"
"2861","Sissach"
"2863","Tenniken"
"2864","Thürnen"
"2865","Wenslingen"
"2867","Wittinsburg"
"2887","Lampenberg"
"2891","Niederdorf"
"2892","Oberdorf (BL)"
"2893","Reigoldswil"
"2894","Titterten"
"2901","Gächlingen"
"2903","Löhningen"
"2915","Dörflingen"
"2932","Beringen"
"2938","Rüdlingen"
"2939","Schaffhausen"
"2952","Schleitheim"
"2963","Ramsen"
"2964","Stein am Rhein"
"3003","Schönengrund"
"3004","Schwellbrunn"
"3032","Heiden"
"3034","Rehetobel"
"3035","Reute (AR)"
"3102","Gonten"
"3104","Schlatt-Haslen"
"3111","Oberegg"
"3112","Schwende-Rüte"
"3201","Häggenschwil"
"3211","Berg (SG)"
"3218","Tübach"
"3231","Au (SG)"
"3232","Balgach"
"3233","Berneck"
"3234","Diepoldsau"
"3251","Altstätten"
"3252","Eichberg"
"3254","Oberriet (SG)"
"3271","Buchs (SG)"
"3272","Gams"
"3273","Grabs"
"3291","Bad Ragaz"
"3292","Flums"
"3296","Sargans"
"3311","Amden"
"3312","Benken (SG)"
"3313","Kaltbrunn"
"3339","Uznach"
"3342","Eschenbach (SG)"
"3359","Wildhaus-Alt St. Johann"
"3372","Hemberg"
"3374","Lichtensteig"
"3395","Bütschwil-Ganterschwil"
"3407","Oberuzwil"
"3408","Uzwil"
"3423","Niederhelfenschwil"
"3513","Lantsch/Lenz"
"3561","Poschiavo"
"3575","Laax"
"3603","Vals"
"3662","Flerden"
"3663","Masein"
"3669","Tschappina"
"3672","Safiental"
"3673","Domleschg"
"3681","Avers"
"3714","Rheinwald"
"3715","Muntogna da Schons"
"3721","Bonaduz"
"3723","Rhäzüns"
"3734","Trin"
"3785","La Punt Chamues-ch"
"3786","Samedan"
"3787","St. Moritz"
"3791","Zuoz"
"3805","Castaneda"
"3821","Lostallo"
"3831","Cama"
"3851","Davos"
"3871","Klosters"
"3881","Conters im Prättigau"
"3891","Luzein"
"3932","Tschiertschen-Praden"
"3946","Untervaz"
"3962","Schiers"
"3981","Breil/Brigels"
"3982","Disentis/Mustér"
"3986","Tujetsch"
"3988","Obersaxen Mundaun"
"4002","Biberstein"
"4004","Densbüren"
"4010","Oberentfelden"
"4021","Baden"
"4023","Bergdietikon"
"4028","Freienwil"
"4030","Killwangen"
"4033","Mellingen"
"4042","Turgi"
"4046","Wohlenschwil"
"4061","Arni (AG)"
"4062","Berikon"
"4067","Fischbach-Göslikon"
"4068","Hägglingen"
"4075","Rudolfstetten-Friedlisberg"
"4078","Uezwil"
"4079","Unterlunkhofen"
"4093","Birrhard"
"4100","Hausen (AG)"
"4110","Remigen"
"4112","Rüfenach"
"4131","Beinwil am See"
"4133","Burg (AG)"
"4135","Gontenschwil"
"4138","Leutwil"
"4139","Menziken"
"4140","Oberkulm"
"4143","Schmiedrued"
"4145","Teufenthal (AG)"
"4147","Zetzwil"
"4163","Frick"
"4173","Oberhof"
"4177","Sisseln"
"4182","Wölflinswil"
"4185","Böztal"
"4195","Egliswil"
"4200","Hunzenschwil"
"4203","Möriken-Wildegg"
"4207","Schafisheim"
"4209","Seon"
"4222","Aristau"
"4224","Beinwil (Freiamt)"
"4226","Besenbüren"
"4228","Boswil"
"4231","Dietwil"
"4232","Geltwil"
"4236","Muri (AG)"
"4238","Rottenschwil"
"4253","Magden"
"4259","Schupfart"
"4263","Zeiningen"
"4264","Zuzgen"
"4273","Bottenwil"
"4274","Brittnau"
"4276","Kölliken"
"4277","Moosleerau"
"4280","Oftringen"
"4281","Reitnau"
"4283","Safenwil"
"4285","Strengelbach"
"4287","Vordemwald"
"4289","Zofingen"
"4304","Döttingen"
"4305","Endingen"
"4307","Full-Reuenthal"
"4311","Leibstadt"
"4318","Schneisingen"
"4319","Siglistorf"
"4324","Zurzach"
"4411","Egnach"
"4421","Horn"
"4436","Romanshorn"
"4441","Salmsach"
"4461","Amriswil"
"4501","Kradolf-Schönenberg"
"4511","Zihlschlacht-Sitterdorf"
"4571","Gachnang"
"4590","Hüttlingen"
"4591","Matzingen"
"4611","Thundorf"
"4616","Uesslingen-Buch"
"4723","Braunau"
"4726","Fischingen"
"4751","Rickenbach (TG)"
"4761","Sirnach"
"4781","Wängi"
"4791","Wuppenau"
"4801","Berlingen"
"4806","Eschenz"
"4816","Homburg"
"4826","Mammern"
"4841","Pfyn"
"4851","Salenstein"
"4951","Wigoltingen"
"5002","Bellinzona"
"5003","Cadenazzo"
"5009","Isone"
"5063","Bedretto"
"5072","Faido"
"5113","Locarno"
"5118","Minusio"
"5120","Muralto"
"5121","Orselina"
"5136","Onsernone"
"5143","Aranno"
"5146","Astano"
"5148","Bedano"
"5149","Bedigliora"
"5151","Bioggio"
"5161","Cademario"
"5167","Canobbio"
"5176","Comano"
"5180","Cureglia"
"5181","Curio"
"5193","Magliaso"
"5196","Massagno"
"5198","Melide"
"5199","Mezzovico-Vira"
"5200","Miglieglia"
"5207","Novaggio"
"5210","Paradiso"
"5225","Sorengo"
"5226","Capriasca"
"5227","Torricella-Taverne"
"5233","Vico Morcote"
"5238","Monteceneri"
"5249","Castel San Pietro"
"5257","Morbio Inferiore"
"5263","Riva San Vitale"
"5281","Biasca"
"5304","Bosco/Gurin"
"5307","Campo (Vallemaggia)"
"5309","Cerentino"
"5317","Maggia"
"5323","Lavizzara"
"5324","Avegno Gordevio"
"5399","Verzasca"
"5402","Bex"
"5412","Rennaz"
"5415","Yvorne"
"5425","Bière"
"5428","Gimel"
"5435","Saint-Livres"
"5456","Cudrefin"
"5464","Vully-les-Lacs"
"5471","Bettens"
"5475","Chavannes-le-Veyron"
"5477","Cossonay"
"5483","Ferreyres"
"5490","Moiry"
"5492","Montricher"
"5493","Orny"
"5512","Bercher"
"5514","Bottens"
"5520","Essertines-sur-Yverdon"
"5530","Pailly"
"5533","Poliez-Pittet"
"5534","Rueyres"
"5537","Villars-le-Terroir"
"5553","Champagne"
"5554","Concise"
"5556","Fiez"
"5564","Novalles"
"5566","Provence"
"5581","Belmont-sur-Lausanne"
"5586","Lausanne"
"5589","Prilly"
"5590","Pully"
"5592","Romanel-sur-Lausanne"
"5601","Chexbres"
"5607","Puidoux"
"5611","Savigny"
"5627","Chavannes-près-Renens"
"5628","Chigny"
"5631","Denens"
"5632","Denges"
"5634","Echichens"
"5638","Lonay"
"5645","Romanel-sur-Morges"
"5648","Saint-Sulpice (VD)"
"5650","Vaux-sur-Morges"
"5656","Hautemorges"
"5674","Lovatens"
"5701","Arnex-sur-Nyon"
"5709","Chéserex"
"5710","Coinsins"
"5711","Commugny"
"5713","Crans (VD)"
"5714","Crassier"
"5715","Duillier"
"5716","Eysins"
"5722","Grens"
"5723","Mies"
"5724","Nyon"
"5727","Saint-Cergue"
"5730","Trélex"
"5741","L'Abergement"
"5745","Baulmes"
"5747","Bofflens"
"5749","Chavornay"
"5752","Croy"
"5755","Lignerolle"
"5757","Orbe"
"5760","Rances"
"5762","Sergey"
"5766","Vuiteboeuf"
"5790","Maracon"
"5804","Jorat-Menthue"
"5805","Oron"
"5813","Chevroux"
"5816","Corcelles-près-Payerne"
"5831","Valbroye"
"5851","Allaman"
"5863","Vinzel"
"5871","L'Abbaye"
"5883","Corseaux"
"5885","Jongny"
"5889","La Tour-de-Peilz"
"5907","Chavannes-le-Chêne"
"5908","Chêne-Pâquier"
"5911","Cuarny"
"5912","Démoret"
"5919","Mathod"
"5921","Molondin"
"5929","Suchy"
"5933","Valeyres-sous-Montagny"
"5934","Valeyres-sous-Ursins"
"5938","Yverdon-les-Bains"
"6002","Brig-Glis"
"6007","Naters"
"6023","Conthey"
"6024","Nendaz"
"6025","Vétroz"
"6033","Liddes"
"6052","Bellwald"
"6054","Binn"
"6057","Fiesch"
"6077","Goms"
"6083","Evolène"
"6087","Saint-Martin (VS)"
"6101","Agarn"
"6102","Albinen"
"6110","Leuk"
"6118","Gampel-Bratsch"
"6137","Martigny-Combe"
"6151","Champéry"
"6152","Collombey-Muraz"
"6154","Port-Valais"
"6156","Troistorrents"
"6159","Vouvry"
"6172","Bister"
"6177","Grengiols"
"6181","Riederalp"
"6191","Ausserberg"
"6201","Unterbäch"
"6202","Wiler (Lötschen)"
"6204","Steg-Hohtenn"
"6205","Bettmeralp"
"6211","Collonges"
"6239","Icogne"
"6240","Lens"
"6246","Saint-Léonard"
"6248","Sierre"
"6261","Arbaz"
"6265","Savièse"
"6281","Baltschieder"
"6283","Embd"
"6285","Grächen"
"6287","Randa"
"6294","Staldenried"
"6404","Boudry"
"6416","Milvignes"
"6421","La Chaux-de-Fonds"
"6432","La Brévine"
"6436","Le Locle"
"6437","Les Ponts-de-Martel"
"6451","Cornaux"
"6452","Cressier (NE)"
"6459","Saint-Blaise"
"6512","Val-de-Travers"
"6602","Anières"
"6603","Avully"
"6604","Avusy"
"6605","Bardonnex"
"6607","Bernex"
"6609","Cartigny"
"6616","Collonge-Bellerive"
"6617","Cologny"
"6620","Dardagny"
"6622","Genthod"
"6625","Hermance"
"6628","Lancy"
"6629","Meinier"
"6630","Meyrin"
"6639","Soral"
"6643","Vernier"
"6645","Veyrier"
"6703","Bourrignon"
"6708","Courrendlin"
"6709","Courroux"
"6711","Delémont"
"6713","Ederswiler"
"6719","Pleigne"
"6721","Rossemaison"
"6741","Le Bémont (JU)"
"6750","Lajoux (JU)"
"6751","Montfaucon"
"6757","Saignelégier"
"6771","Alle"
"6782","Cornol"
"6784","Courgenay"
"6785","Courtedoux"
"6793","Lugnez"
"6800","Porrentruy"
"6806","Vendlincourt"
"6807","Basse-Allaine"
"7002","Triesen"
"7004","Triesenberg"
"7005","Schaan"
"7011","Schellenberg"
"7101","Deutschland"
