Module: ERPNextSwiss,Fullsize,Ganzer Bildschirm
Module: ERPNextSwiss,Fullsize View,Ganzer Bildschirm
Module: ERPNextSwiss,Normal View,Normale Ansicht
Module: ERPNextSwiss,Customer name,Kundenname
Module: ERPNextSwiss,Item name,Artikelname
Module: ERPNextSwiss,Always use entry transaction type,Immer Transaktionstyp des Eintrags verwenden
Module: ERPNextSwiss,Automatically process full macthes,Eindeutige Treffer automatisch verarbeiten
Page: bankimport,Bank import,Bankdaten importieren
DocType: VAT Declaration,VAT Declaration,Mehrwertsteuerdeklaration
Page: payment_export,Payment export,Zahlungsdatei erstellen
DocType: VAT Declaration,Taxes,Steuern
DocType: Payment Entry,Transaction Type,Transaktionstyp
DocType: Payment Entry,ESR Participant Number,ESR-Teilnehmernummer
DocType: Payment Entry,ESR Reference,ESR-Referenz
DocType: Payment Entry,Supplier data added,Lieferantendetails hinzugefügt
DocType: Payment Entry,Invoice details added,Rechnungsdetails hinzugefügt
DocType: Account,Payment Files,Transferdateien
Page: payment_export,No payment entries to be paid found with status draft,Es wurden keine offenen Zahlungen (Entwurf) gefunden.
Page: payment_export,Exports the selected payment entries for execution by file transfer to a bank,Exportiert die gewählten Zahlungen zur Ausführung durch eine Bank
Page: payment_export,Payment entries,Zahlungen
Page: payment_export,Create payment file,Zahlungsdatei erstellen
Page: bankimport,Import payment entries from bank account file,Importiert Zahlungen aus einer Bankkonto-Datei
Page: bankimport,Payment account,Konto
Page: bankimport,Automatically submit,Automatisch buchen
Page: bankimport,Parse,Einlesen
Page: bankimport,File,Datei
Page: bankimport,Please select a file.,Bitte eine Datei wählen
Page: bankimport,Error reading file,Fehler beim lesen der Datei
Page: bankimport,Successfully imported {0} payments.,{0} Zahlugen erfolgreich importiert.
Page: bankimport,CAMT.054 Transaction Notification,CAMT.054 Zahlungsinformationen
Page: bankimport,CAMT.053 Bank Statement,CAMT.053 Kontoauszug
Page: bankimport,Unable to read structure. Please make sure that you have selected the correct format.,"Struktur kann nicht gelesen werden. Bitte prüfen Sie, ob Sie das korrekte Format ausgewählt haben."
Page: payment_export,Please select at least one payment.,Bitte mindestens eine Zahlung auswählen.
Page: payment_export,No payment entries to be paid found with status draft,Es wurden keine Zahlungen mit Status Entwurf gefunden
DocType: VAT Declaration,End,Ende
DocType: VAT Declaration,VAT type,Abrechnungstyp
DocType: VAT Declaration,effective,Effektiv
DocType: VAT Declaration,flat,Saldo
DocType: VAT Declaration,Revenue,Umsatz
DocType: VAT Declaration,Get values,Werte holen
DocType: VAT Declaration,Recalculate,Neu berechnen
DocType: VAT Declaration,Total revenue (200),"Total der vereinbarten bzw. vereinnahmten Entgelte (Art. 39), inkl. Entgelte aus Übertragungen im Meldeverfahren sowie aus Leistungen im Ausland (200)"
DocType: VAT Declaration,Non-taxable revenue (205),Nicht steuerpflichtige Umsätze (205)
DocType: VAT Declaration,Tax-free services (220),"Von der Steuer befreite Leistungen (u.a. Exporte; Art. 23), von der Steuer befreite Leistungen an begünstigte Einrichtungen und Personen (220)"
DocType: VAT Declaration,Revenue abroad (221),Leistungen im Ausland (221)
DocType: VAT Declaration,Transfers (225),"Übertragung im Meldeverfahren (Art. 38, bitte zusätzlich Form. 764 einreichen) (225)"
DocType: VAT Declaration,Non-taxable services (230),"Nicht steuerbare Leistungen (Art 21), für die nicht nach Art. 22 optiert wird (230)"
DocType: VAT Declaration,Losses (235),Entgeltsminderung (235)
DocType: VAT Declaration,Miscellaneous (280),Diverses (z.B. Wert des Bodens) (280)
DocType: VAT Declaration,Total deductions (289),Total Abzüge (289)
DocType: VAT Declaration,Taxable revenue (299),Steuerbarer Gesamtumsatz (299)
DocType: VAT Declaration,Tax calculation,Steuerberechnung
DocType: VAT Declaration,Normal (301),Normal (301)
DocType: VAT Declaration,Reduced (311),Reduziert (311)
DocType: VAT Declaration,Lodging (341),Beherbergung (341)
DocType: VAT Declaration,Amount 1 (321),1. Satz (321)
DocType: VAT Declaration,Amount 2 (331),2. Satz (331)
DocType: VAT Declaration,Additional (381),Bezugsteuer (381)
DocType: VAT Declaration,Normal (302),Normal (302)
DocType: VAT Declaration,Reduced (312),Reduziert (312)
DocType: VAT Declaration,Lodging (342),Beherbergung (342)
DocType: VAT Declaration,Amount 1 (322),1. Satz (322)
DocType: VAT Declaration,Amount 2 (332),2. Satz (332)
DocType: VAT Declaration,Additional (382),Bezugsteuer (382)
DocType: VAT Declaration,Normal rate (%),Normal (%)
DocType: VAT Declaration,Reduced rate (%),Reduziert (%)
DocType: VAT Declaration,Lodging rate (%),Beherbergung (%)
DocType: VAT Declaration,Rate 1 (%),1. Satz (%)
DocType: VAT Declaration,Rate 2 (%),2. Satz (%)
DocType: VAT Declaration,Normal tax (300),Normale Steuer (300)
DocType: VAT Declaration,Reduced tax (310),Reduzierte Steuer (310)
DocType: VAT Declaration,Lodging tax (340),Beherbergungssteuer (340)
DocType: VAT Declaration,Tax 1 (320),Steuer Satz 1 (320)
DocType: VAT Declaration,Tax 2 (330),Steuer Satz 2 (330)
DocType: VAT Declaration,Additional tax (380),Bezugssteuer (380)
DocType: VAT Declaration,Summary,Zusammenfassung
DocType: VAT Declaration,Total tax (399),Total geschuldete Steuer (399)
DocType: VAT Declaration,Pretax material and services (400),Vorsteuer auf Material- und Dienstleistungsaufwand (400)
DocType: VAT Declaration,Pretax investments (405),Vorsteuer auf Investitionen und übrigem Betriebsaufwand (405)
DocType: VAT Declaration,Missing pretax (410),"Einlageentsteuerung (Art. 32, bitte detaillierte Aufstellung beilegen) (410)"
DocType: VAT Declaration,Pretax correction mixed (415),"Vorsteuerkorrekturen: gemischte Verwendung (Art. 30), Eigenverbrauch (Art. 31) (415)"
DocType: VAT Declaration,Pretax correction other (420),"Vorsteuerkorrekturen: Nicht-Entgelte wie Subventionen, Tourismusabgaben (Art. 33 Abs 2) (420)"
DocType: VAT Declaration,Form 1050 (470),Steueranrechnung gemäss Formular Nr. 1050 (470)
DocType: VAT Declaration,Form 1055 (471),Steueranrechnung gemäss Formular Nr. 1055 (471)
DocType: VAT Declaration,Total pretax reductions (479),Total Vorsteuer (479)
DocType: VAT Declaration,Payable tax (500),An die Eigd. Steuerverwaltung zu bezahlender Betrag (500)
DocType: VAT Declaration,Balance (510),Guthaben der steuerpflichtigen Person (510)
DocType: VAT Declaration,Other cashflows,Andere Mittelflüsse (Art. 18 Abs 2)
DocType: VAT Declaration,Grants (900),"Subventionen, durch Kurvereine eingenommene Toursimusabgaben, Entsorgungs- und Wasserwerkbeiträge (Bst. a-c) (900)"
DocType: VAT Declaration,Donations (910),"Spenden, Dividenden, Schadenersatz usw. (Bst. d-l) (910)"
DocType: ERPNextSwiss VAT configuration,VAT tax mode,Steuerabrechnungsart
DocType: ERPNextSwiss VAT configuration,Effective tax,Effektive Steuer
DocType: ERPNextSwiss VAT configuration,Normal rate tax template,Steuervorlage normal
DocType: ERPNextSwiss VAT configuration,Reduced rate tax template,Steuervorlage reduziert
DocType: ERPNextSwiss VAT configuration,Lodging rate tax template,Steuervorlage Beherbergung
DocType: ERPNextSwiss VAT configuration,Abroad tax template,Steuervorlage Auslandumsatz
DocType: ERPNextSwiss VAT configuration,Tax-free tax template,Steuervorlage steuerfrei
DocType: ERPNextSwiss VAT configuration,Pretax account,Abrechnungskonto MWST
DocType: ERPNextSwiss VAT configuration,Flat tax,Saldobesteuerung
DocType: ERPNextSwiss VAT configuration,Rate 1 tax template,Steuertemplate Satz 1
DocType: ERPNextSwiss VAT configuration,Rate 2 tax template,Steuertemplate Satz 2
DocType: ERPNextSwiss VAT configuration,Configuration,Einstellungen
DocType: ERPNextSwiss VAT configuration,VAT configuration,Mehrwertsteuereinstellungen
Page: match_payments,Match payments,Zahlungen zuordnen
Page: match_payments,Helps to match unpaid sales invoices against received payments,Hilft Zahlungseingänge unbezahlten Ausgangsrechnungen zu zu ordnen
Page: match_payments,Sales invoices,Rechnungen
Page: match_payments,Sales invoice,Rechnung
Page: match_payments,Due date,Zahlbarkeit
Page: match_payments,Payment entries,Zahlungseingänge
Page: match_payments,Payment entry,Zahlung
Page: match_payments,Match,Zuordnen
Page: match_payments,Please select a sales invoice.,Bitte eine Rechnung wählen
Page: match_payments,Please select a payment entry.,Bitte einen Zahlungseingang wählen
Page: match_payments,Payment entry not found,Zahlung nicht gefunden
Page: match_payments,Customer not found,Kunde nicht gefunden
Page: match_payments,Done,Fertig
Page: match_payments,No unpaid sales invoices found.,Es wurden keine unbezahlten Rechnungen gefunden.
Page: match_payments,No unallocated payment entries found.,Es wurden keine nicht-zugewiesene Zahlungen gefunden.
Page: match_payments,Open bank import,Bankdaten importieren
Page: match_payments,Matched {0} sales invoices.,{0} Rechnungen abgeglichen
Page: match_payments,No matches found.,Keine Treffer gefunden
Page: match_payments,Auto match by ID,Abgleich per ID
Page: match_payments,Auto match by ESR,Abgleich per ESR
Page: payment_export,Some payments were skipped due to errors (check the payment file for details):,Einige Zahlungen wurden wegen Fehlern übersprungen (Zahlungsdatei enthält Details):
DocType: Supplier,ESR Participation Number / QR-IBAN,ESR Teilnehmernummer/QR-IBAN
DocType: Purchase Invoice,ESR Reference Number,ESR Referenznummer
DocType: Salary Certificate,Salary Certificate,Lohnausweis
DocType: Salary Certificate,Please save the record before populating it with data,Bitte speichern Sie den Datensatz bevor Daten eingelesen werden
DocType: Salary Certificate,Salary slip information collected,Lohnauszüge eingelesen
DocType: Salary Certificate,Calculate totals,Summen berechnen
DocType: Salary Certificate,Totals have been updated,Summen wurden aktualisiert
DocType: Salary Certificate,Please select a valid employee.,Bitte einen gültigen Mitarbeiter wählen
DocType: Salary Certificate,Start date,Von Datum
DocType: Salary Certificate,End date,Bis Datum
DocType: Salary Certificate,Benefits,Vorteile
DocType: Salary Certificate,Certificate type,Lohnausweisart
DocType: Salary Certificate,Pension,Rente
DocType: Salary Certificate,Free transport,Unentgeltliche Beförderung zwischen Wohn- und Arbeitsort
DocType: Salary Certificate,Lunch checks,Kantinenverpflegung/Lunch-Checks
DocType: Salary Certificate,Section salary,Abschnitt Lohn
DocType: Salary Certificate,1. Salary,1. Lohn/Rente
DocType: Salary Certificate,2.1 Catering,"2.1 Verpflegung, Unterkunft"
DocType: Salary Certificate,2.2 Car,2.2 Privatanteil Geschäftswagen
DocType: Salary Certificate,2.3 Other salary,2.3 Andere
DocType: Salary Certificate,3 Irregular,3. Unregelmässige Leistungen
DocType: Salary Certificate,4 Capital,4. Kapitalleistungen
DocType: Salary Certificate,2.3 Other salary description,2.3 Beschreibung Andere
DocType: Salary Certificate,3 Irregular description,3. Beschreibung unregelmässige Leistungen
DocType: Salary Certificate,4 Capital description,4. Beschreibung Kapitalleistungen
DocType: Salary Certificate,5 Participation,5. Beteiligungsrechte gemäss Beiblatt
DocType: Salary Certificate,6 Board,6. Verwaltungsratsentschädigungen
DocType: Salary Certificate,7 Other,7. Andere Leistungen
DocType: Salary Certificate,7 Other description,7. Beschreibung andere Leistungen
DocType: Salary Certificate,8 Gross salary,8. Bruttolohn total
DocType: Salary Certificate,9 Deductions AHV/IV/EO/ALV/NBUV,9. Beiträge AHV/IV/EO/ALV/NBUV
DocType: Salary Certificate,10.1 Deduction pension,10.1 Ordentliche Beiträge berufliche Vorsorge
DocType: Salary Certificate,10.2 Deduction pension additional,10.2 Beiträge für den Einkauf
DocType: Salary Certificate,11 Net salary,11. Nettolohn/Rente
DocType: Salary Certificate,12 Source tax deduction,12. Quellensteuerabzug
DocType: Salary Certificate,13.1.1 Effective expenses travel,"13.1.1 Effektive Spesen Reise, Verppflegung, Übernachtung"
DocType: Salary Certificate,13.1.2 Effective other expenses,13.1.2 Effektive Spesen andere
DocType: Salary Certificate,13.2.1 Representation expenses,13.2.1 Pauschalspesen Repräsentation
DocType: Salary Certificate,13.2.2 Car expenses,13.2.2 Pauschalspesen Auto
DocType: Salary Certificate,13.2.3 Other net expenses,13.2.3 Pauschalspesen übrige
DocType: Salary Certificate,13.3 Education,13.3 Beiträge an die Weiterbildung
DocType: Salary Certificate,14 Other salary sides,14. Gehaltsnebenleistungen Art
DocType: Salary Certificate,15 Remarks,15. Bemerkungen
DocType: Label Printer,Label Printer,Etikettendrucker
DocType: Label Printer,Create Test PDF,Test-PDF erstellen
DocType: Label Printer,Create Label,Etikett erstellen
DocType: Pincode,Canton,Kanton
DocType: Pincode,Canton Code,Kantonsabkürzung
DocType: Pincode,Country Code,Länderabkürzung
DocType: Pincode,Set,Setzen
DocType: Pincode,Import Pincodes,Postleitzahlen einlesen
DocType: Pincode,Import started...,Import gestartet...
DocType: Pincode,Successfully imported,Erfolgreich importiert
DocType: Pincode,Open Map,Karte öffnen
Page: abacus_export,Abacus Export,Abacus Transferdatei
Page: abacus_export,Export General Ledger to an Abacus transfer file,Exportiert Transaktionen in eine Abacus Transferdatei
Page: abacus_export,to,bis
Page: abacus_export,Create File,Datei erstellen
Page: abacus_export,more records available (not shown),es gibt weitere Einträge (nicht angezeigt)
Page: abacus_export,No general ledger entries found.,Keine Transaktionen gefunden.
Page: abacus_export,Export flags reset,Export-Markierungen entfernt
Page: abacus_export,Exported to Abacus,Nach Abacus exportiert
Page: abacus_export,Reset export flags,Export-Markierungen entfernen
DocType: ERPNextSwiss Settings,ERPNextSwiss Settings,ERPNextSwiss Einstellungen
DocType: ERPNextSwiss Settings,Default Customer,Standardkunde
DocType: ERPNextSwiss Settings,Use this to define a default customer,Setzt einen Standardkunden
DocType: ERPNextSwiss Settings,Invoice Code Line Scanning,Rechnungsscanner
DocType: ERPNextSwiss Settings,Default Item,Standardartikel
DocType: ERPNextSwiss Settings,Enable salary payment,Lohnzahlungen ausführen
DocType: ERPNextSwiss Settings,Numeric-only debtor reference matching,Rein-numerische Debitorenreferenzen verwenden
DocType: ERPNextSwiss Settings,Uses only the numeric part of a sales invoice number for matching,Verwendet nur den numerischen Teil der Rechnugnsreferenz zum Abgleich
DocType: Contract,Contract,Vertrag
DocType: Contract,Contracts,Verträge
DocType: ERPNextSwiss Settings,Automated Payments,Automatische Zahlungsabwicklung
DocType: ERPNextSwiss Settings,Planning Period (Days),Planungszeitraum (Tage)
DocType: Payment Reminder,Payment Reminder,Mahnung
DocType: Payment Reminder,Payment Reminder Level,Mahnungsstufe
DocType: Payment Reminder,Exclude From Payment Reminder Until,Von Mahnungsläufen ausschliessen bis
DocType: Payment Reminder,Level,Stufe
DocType: Payment Reminder,Create Payment Reminders,Mahnlauf durchführen
DocType: Payment Reminder,Payment Reminders created,Mahnlauf durchgeführt
DocType: Payment Reminder,Reminder Level,Mahnstufe
DocType: Payment Reminder,Reminder Charge,Mahngebühr
DocType: Payment Reminder,Auto Submit,Automatisch buchen
DocType: Payment Reminder,Reminder Charges,Mahngebühren
DocType: Payment Reminder,Highest Level,Höchste Stufe
DocType: Payment Reminder,Total before Charge,Zwischensumme
DocType: Payment Reminder,Total with Charge,Gesamtsumme
DocType: Payment Reminder,Are you sure you want to create payment reminders?,"Sind Sie sicher, dass Sie Mahnungen erstellen möchten?"
Module: ERPNextSwiss,Is proposed,Abgeholt
Module: ERPNextSwiss,Skonto Percent,Skonto-Prozent
Module: ERPNextSwiss,Skonto Days,Skonto-Tage
Module: ERPNextSwiss,Skonto Account,Skonto-Konto
Module: ERPNextSwiss,Skonto Cost Center,Skonto-Kostenstelle
Module: ERPNextSwiss,Enable LSV,LSV aktivieren
DocType: Direct Debit Proposal,Direct Debit Proposal,Lastschrifteinzugsvorschlag
DocType: Direct Debit Proposal,Create Direct Debit Proposal,Lastschrifteinzug vorbereiten
DocType: Direct Debit Proposal,No available sales invoices found.,Keine verfügbaren Zahlungen gefunden.
DocType: Direct Debit Proposal,Download bank file,Bankdatei herunterladen
DocType: Direct Debit Proposal,Receive to Account,Empfangendes Bankkonto
DocType: Direct Debit Proposal,Banking,Bankverbindung
DocType: Direct Debit Proposal,LSV Code,LSV-Code
DocType: Direct Debit Proposal,LSV Date,LSV-Datum
DocType: Direct Debit Proposal,Please provide an intermediate account.,Bitte geben Sie ein Zwischenkonto an.
DocType: Direct Debit Proposal,Please provide a skonto account and cost center.,Bitte geben Sie für den Skontoabzug ein Skonto-Konto und eine Kostenstelle an.
DocType: Direct Debit Proposal,Please select an account to receive to.,Bitte wählen Sie ein Zielkonto aus.
DocType: Direct Debit Proposal,Close Invoice on Intermediate Account,Rechnungen gegen Zwischenkonto schliessen
DocType: Direct Debit Proposal,Intermediate,Zw.Konto
DocType: Payment Proposal,Create Payment Proposal,Zahlungsvorschlag erstellen
DocType: Payment Proposal,Payment Proposal,Zahlungsvorschlag
DocType: Payment Proposal,No suitable invoices found.,Keine passenden Rechnungen gefunden.
DocType: Payment Proposal,Intermediate Account,Zwischenkonto
DocType: Payment Proposal,Close Invoive on Intermediate Account,Rechnung auf Zwischenkonto schliessen
DocType: Payment Proposal,Please select an intermediate account.,Bitte ein Zwischenkonto wählen.
DocType: Payment Proposal,Set Payment Date,Zahlungsdatum setzen
DocType: Payment Proposal,Pay from Account,Zahlungen von diesem Konto ausführen
DocType: Payment Proposal,Execute Payments On,Zahlungen an diesem Datum ausführen
DocType: Payment Proposal,Invoice Amount,Rechnungsbetrag
DocType: Payment Proposal,External Reference,Externe Referenz
DocType: Payment Proposal,Skonto Date,Skonto-Datum
DocType: Payment Proposal,Skonto Amount,Betrag mit Skonto
DocType: Payment Proposal,Individual payments,Jede Rechnung einzeln bezahlen
DocType: Payment Proposal,"Employee <a href=\"/desk#Form/Employee/{0}\">{0}</a> has no address.","Für den Mitarbeiter <a href=\"/desk#Form/Employee/{0}\">{0}</a> ist keine Adresse hinterlegt."
DocType: Payment Proposal,"Company address missing or incomplete.","Unternehmensadresse fehlt oder ist unvollständig."
DocType: Payment Proposal,"IBAN missing in pay from account.","Die IBAN des Zahlungskontos ist nicht hinterlegt."
DocType: Payment Proposal,"Address missing for purchase invoice <a href=\"/desk#Form/Purchase Invoice/{0}\">{0}</a>","Für Eingangsrechnung <a href=\"/desk#Form/Purchase Invoice/{0}\">{0}</a> fehlt die Adresse."
DocType: Payment Proposal,"ESR: missing transaction information (participant number or reference) in <a href=\"/desk#Form/Purchase Invoice/{0}\">{0}</a>","ESR: Transaktionsdetails fehlen (Teilnehmernummer oder Referenznummer) für <a href=\"/desk#Form/Purchase Invoice/{0}\">{0}</a>"
DocType: Payment Proposal,"Missing IBAN for purchase invoice <a href=\"/desk#Form/Purchase Invoice/{0}\">{0}</a>","Bei Eingangsrechnung <a href=\"/desk#Form/Purchase Invoice/{0}\">{0}</a> fehlt die IBAN"
DocType: Payment Proposal,"Employee <a href=\"/desk#Form/Employee/{0}\">{0}</a> has no bank account number.","Für Mitarbeiter <a href=\"/desk#Form/Employee/{0}\">{0}</a> ist kein Bankkonto hinterlegt."
DocType: Payment Proposal,"Please configure the planning period in ERPNextSwiss Settings.","Bitte das Planungsintervall in den ERPNextSwiss-Einstellungen einstellen."
DocType: Payment Proposal,Purchase Invoices,Eingangsrechnungen
DocType: Payment Proposal,Salaries,Löhne
DocType: Payment Proposal,Overview,Übersicht
DocType: Payment Proposal,Target date,Zieldatum
DocType: Payment Proposal,Employee name,Mitarbeitername
DocType: Payment Proposal,Include Payments Until,Fälligkeiten einschliessen bis
Page: Bank Wizard,Bank Wizard,Bankassistent
Page: Bank Wizard,Transaction matched,Zahlung zugewiesen
Page: Bank Wizard, transactions found, Zahlungen gefunden
Page: Bank Wizard,Please set the <b>default accounts</b> in <a href=\"/desk#Form/Company/{0}\">{0}</a>.Bitte setzten Sie <b>Standardkonten</b> unter <a href=\"/desk#Form/Company/{0}\">{0}</a>.
Page: Bank Wizard,Please set the <b>default supplier</b> in <a href=\"/desk#Form/ERPNextSwiss Settings\">ERPNextSwiss Settings</a>.,Bitte setzen Sie den <b>Standardlieferant</b> unter <a href=\"/desk#Form/ERPNextSwiss Settings\">ERPNextSwiss Settings</a>.
Page: Bank Wizard,Please set the <b>default customer</b> in <a href=\"/desk#Form/ERPNextSwiss Settings\">ERPNextSwiss Settings</a>.,Bitte setzen Sie den <b>Standardkunden</b> unter <a href=\"/desk#Form/ERPNextSwiss Settings\">ERPNextSwiss Settings</a>.
Page: Bank Wizard,Please set the <b>intermediate bank account</b> in <a href=\"/desk#Form/ERPNextSwiss Settings\">ERPNextSwiss Settings</a>.,Bitte setzen Sie ein <b>Zwischenkonto</b> unter <a href=\"/desk#Form/ERPNextSwiss Settings\">ERPNextSwiss Settings</a>.
Page: Bank Wizard,An error occurred while parsing. Please check the log files.,Es ist ein Fehler aufgetreten. Bitte prüfen Sie die Fehlerprotokolle.
Page: Bank Wizard,Unsupported file format. Please use an xml or zip camt file,Dieses Format wird nicht unterstützt. Bitte verwenden Sie eine gültige XML- oder ZIP-Datei
DocType: Daily Closing Statement,Daily Closing Statement,Tagesabschluss
DocType: Daily Closing Statement,Statistics,Statistik
DocType: Daily Closing Statement,Total Sales,Total Umsatz
DocType: Daily Closing Statement,Average Sales,Durchschnittlicher Umsatz
DocType: Daily Closing Statement,Number of Customers,Anzahl Kunden
DocType: Daily Closing Statement,Highest Sale,Höchster Umsatz
DocType: Daily Closing Statement,Discounts,Rabatte
DocType: Daily Closing Statement,Count,Anzahl
DocType: Daily Closing Statement,Currencies,Währungen
DocType: Daily Closing Statement,Payment Modes,Zahlungsweisen
DocType: Inspection Equipment,Inspection Equipment,Prüfmittel
DocType: Inspection Equipment,Transaction,Transaktion
DocType: Inspection Equipment,Calibration / Test,Kalibration / Test
DocType: Inspection Equipment,Inspection Equipment Transaction,Prüfmittel Transaktion
DocType: Inspection Equipment,General,Allgemein
DocType: Inspection Equipment,Type,Typ
DocType: Inspection Equipment,Manufacturer,Hersteller
DocType: Inspection Equipment,Inventory Number,Inventar Nummer
DocType: Inspection Equipment,Location,Ort
DocType: Inspection Equipment,Measurement Range,Messbereich
DocType: Inspection Equipment,Usage,Verwendung
DocType: Inspection Equipment,Purchase Price,Einkaufspreis
DocType: Inspection Equipment,Purchase Date,Beschaffungsdatum
DocType: Inspection Equipment,Transaction Status,Transaktionsstatus
DocType: Inspection Equipment,On Stock,An Lager
DocType: Inspection Equipment,Taken,Entnommen
DocType: Inspection Equipment,Calibration,Kalibration
DocType: Inspection Equipment,Last Calibration,Letzte Kalibration
DocType: Inspection Equipment,Next Calibration,Nächste Kalibration
DocType: Inspection Equipment,Calibration Test Set,Kalibration Test Set
DocType: Inspection Equipment,Calibration Test,Kalibration Test
DocType: Inspection Equipment,Calibration Interval,Kalibrations Interval
DocType: Inspection Equipment,Current Inspection Equipment Status,Aktueller Prüfmittel Transaktionsstatus
DocType: Inspection Equipment,New Inspection Equipment Status,Neuer Prüfmittel Transaktionsstatus
DocType: Inspection Equipment,Inspection Equipment Type,Prüfmitteltyp
DocType: Inspection Equipment,Perform Test, Test durchführen
DocType: Inspection Equipment,Test Plan Items, Testschritte
DocType: Inspection Equipment,Operating Instructions, Ausführungsanweisung
DocType: Inspection Equipment,Test based on,Test basierend auf
DocType: Inspection Equipment,Inspection Decision OK?,Prüfkriterium OK?
DocType: Inspection Equipment,Inspection Decision OK,Prüfkriterium OK
DocType: Inspection Equipment,Calibration / Test-Set,Kalibration / Test-Set
DocType: Inspection Equipment,Caution; the actual value is not between OTG and UTG!,Achtung; der gemessene Wert liegt ausserhalb der Toleranzgrenzen!
DocType: Inspection Equipment,To Calibrate,Zu Kalibrieren
DocType: Inspection Equipment,Calibrated,Kalibriert
DocType: Inspection Equipment,Without Calibration,Ohne Kalibration
DocType: Inspection Equipment,Scrap,Verschrottet
DocType: Inspection Equipment,Blocked,Gesperrt
DocType: Inspection Equipment,in months,in Monaten
DocType: Inspection Equipment,Taken by,Entnommen von
DocType: VAT query,VAT query,MwSt-Abfrage
DocType: Non Conformity Report 8D,Non Conformity Report 8D,8D-Bericht
DocType: Non Conformity Report 8D,"D1 Use a Team","D1 Zusammenstellen eines Teams für die Problemlösung"
DocType: Non Conformity Report 8D,"D2 Describe the Problem","D2 Problembeschreibung"
DocType: Non Conformity Report 8D,"D3 Develop Interim Containment Plan","D3 Sofortmassnahmen festlegen"
DocType: Non Conformity Report 8D,"D4 Determine and Verify Root Causes and Escape Points","D4 Fehlerursache(n) feststellen"
DocType: Non Conformity Report 8D,"D5 Verify Permanent Corrections (PCs) for Problem will resolve problem for the customer","D5 Planen von Abstellmassnahmen"
DocType: Non Conformity Report 8D,"D6 Define and Implement Corrective Actions","D6 Einführen der Abstellmassnahmen"
DocType: Non Conformity Report 8D,"D7 Prevent Recurrence / System Problems","D7 Fehlerwiederholung verhindern"
DocType: Non Conformity Report 8D,"D8 Congratulate the Main Contributors to your Team","D8 Würdigen der Teamleistung"
DocType: Non Conformity Report 8D,"Establish a team of people with product/process knowledge.","Die Mitglieder des Teams sollten über ausreichende Prozess- und Produktkenntnisse verfügen. Ebenso sollten sie zur Mitarbeit bereit sein und mit den notwendigen Kenntnissen und Kompetenzen ausgestattet sein, um das Problem auf seine Ursachen zu analysieren, Korrekturmassnahmen einzuleiten und ihre Wirksamkeit überwachen zu können."
DocType: Non Conformity Report 8D,"Specify the problem by identifying in quantifiable terms the who, what, where, when, why, how, and how many (5W2H) for the problem.","Das Problem ist so genau wie möglich zu definieren, wobei der Kern des Problems herausgearbeitet und quantifiziert werden sollte."
DocType: Non Conformity Report 8D,"Problem Description","Problembeschreibung"
DocType: Non Conformity Report 8D,"Define and implement containment actions to isolate the problem from any customer.","Sofortmassnahmen dienen der Schadensbegrenzung, sollen zumindest vorläufig die Lieferfähigkeit sicherstellen und die weitere Ausbreitung des Problems verhindern, bis eine dauerhafte Lösung gefunden ist (z. B. Absonderung durch Sortierprüfung oder 100 %-Prüfung fehlerverdächtigen Materials)."
DocType: Non Conformity Report 8D,"Interim Containment Plan","Kurzfristiger Plan"
DocType: Non Conformity Report 8D,"Identify all applicable causes that could explain why the problem has occurred. Also identify why the problem was not noticed at the time it occurred. All causes shall be verified or proved. One can use five whys or Ishikawa diagrams to map causes against the effect or problem identified.","Es wird nach Fehlerursachen gesucht und die wahrscheinlichste(n) Grundursache(n) durch Experimente, Tests und Vergleiche identifiziert und nachgewiesen."
DocType: Non Conformity Report 8D,"Root Cause Analysis","Ursachenanalyse"
DocType: Non Conformity Report 8D,"Using pre-production programs, quantitatively confirm that the selected correction will resolve the problem. (Verify that the correction will actually solve the problem.)","Es werden Massnahmen ermittelt, die die Grundursachen beseitigen können. Die optimale(n) Massnahme(n) werden ausgewählt und durch Versuche nachgewiesen, dass das Problem effektiv und auch effizient gelöst werden kann sowie keine unerwünschten Nebenwirkungen entstehen werden. Bei der Festlegung von Massnahmen steht die Fehlervermeidung und nicht die Fehlerentdeckung im Vordergrund."
DocType: Non Conformity Report 8D,"Remedial Actions","Abstellmassnahmen"
DocType: Non Conformity Report 8D,"Define and Implement the best corrective actions.","Die Abstellmassnahmen können sich auf Prozessparameter, Produktspezifikationen und andere Vorgabedokumente sowie auf Prüfmethoden und die Mitarbeiterqualifikation auswirken. Nach erfolgreicher Einführung der Abstellmassnahme(n) wird/werden die Sofortmassnahme(n) aufgehoben."
DocType: Non Conformity Report 8D,"Modify the management systems, operation systems, practices, and procedures to prevent recurrence of this and similar problems.","Es muss durch Vorbeugemassnahmen sichergestellt werden, dass gleiche oder ähnliche Fehler zukünftig ausgeschlossen werden. Die Wirksamkeit der getroffenen Massnahmen wird – z. B. durch Erhöhen der Prüfschärfe – über einen angemessenen Zeitraum überwacht. Hersteller von Produkten für die Automobil- und Luftfahrtindustrie sind aufgefordert, die im Rahmen der Ursachenfindung neu erkannten Risiken im Entwicklungs- und Herstellprozess nach der FMEA-Methode – failure mode and effects analysis (Fehlermöglichkeits- und Einflussanalyse) – (Risikoanalyse) zu bewerten und zu minimieren. Auch das Qualitätsmanagementsystem mit seinen festgelegten Verfahren und Regelungen wird möglicherweise an neue Anforderungen angepasst werden müssen."
DocType: Non Conformity Report 8D,"Recognize the collective efforts of the team. The team needs to be formally thanked by the organization.","Die gemeinsame Anstrengung wird gewürdigt und die Erfahrungen ausgetauscht."
DocType: Purchase Invoice,Invalid ESR Code Line,Ungültige ESR-Zeile
DocType: Purchase Invoice,Scan Invoice,Rechnung scannen
DocType: Purchase Invoice,ESR Amount,ESR Betrag
DocType: Purchase Invoice,Amount Deviation,Betrags Abweichung
DocType: Purchase Invoice,Add negative deviation as discount,Negative Abweichung als Rabatt hinzufügen
DocType: Purchase Invoice,Add positive deviation as additional item,Positive Abweichung als Artikel hinzufügen
DocType: Purchase Invoice,Positive Deviation Item,Artikel für positive Abweichung
DocType: Purchase Invoice,Default Item,Standard-Artikel
DocType: Purchase Invoice,Tax Rate in %,MWST in %
DocType: Purchase Invoice,ESR Reference,ESR Referenz
DocType: Purchase Invoice,ESR Participant,ESR Teilnehmer
DocType: Purchase Invoice,ESR code not valid,ESR-Referenznummer ist ungültig
DocType: Purchase Invoice,ESR code missing,ESR-Referenznummer fehlt
DocType: Pruchase Invoice,This invoice is already recorded in,Diese Rechnung wurde bereits erfasst in
DocType: Purchase Invoice,Process,Verarbeiten
DocType: Purchase Invoice,Supplier matched,Lieferant gefunden
DocType: Purchase Invoice,"Supplier found, but does not match with Invoice Supplier!","Lieferant gefunden, er stimmt aber nicht mit dem Lieferant auf der Rechnung überein!"
DocType: Purchase Invoice,"No Supplier found! Fetched default Supplier.","Kein Lieferant gefunden! Der Standard-Lieferant wurde geladen."
DocType: Purchase Invoice,"Multiple Supplier found, please choose one!","Mehere Lieferanten gefunden, bitte Auswahl treffen!"
DocType: Purchase Invoice,"ESR / Invoice amount matched","ESR- / Rechnungs-Betrag stimmt überein"
DocType: Purchase Invoice,"Invalid ESR Code Line or QR-Code","Ungültige ESR-Zeile oder ungültiger ESR-Code"
DocType: Purchase Invoice,This document has been transmitted to the bank for payment,Dieses Dokument wurde zur Zahlung an die Bank übermittelt
DocType: ERPNextSwiss Settings,Default Positive Deviation Item,Standard-Artikel für positive Abweichung
DocType: ERPNextSwiss Settings,Default Tax Rate,Standard MWST-Satz
DocType: ERPNextSwiss Settings,From Zefix,Von Zefix
DocType: ERPNextSwiss Settings,Enable Zefix,Zefix aktivieren
DocType: ERPNextSwiss Settings,Bank Settings,Bankeinstellungen
DocType: ERPNextSwiss Settings,User name,Benutzername
DocType: ERPNextSwiss Settings,Use this to define a default supplier,Diesen Lieferanten als Standardlieferanten evrwenden
DocType: ERPNextSwiss Settings,Participant Number,Teilnehmernummer
DocType: ERPNextSwiss Settings,"Number of days the payment rpoposal will look ahead. Payments with due date further ahead will not be proposed.","Anzahl Tage in der Zukunft, die für den Zahlugnsvorschlag einbezogen werden."
apps/erpnextswiss/erpnextswiss/scripts/esr_qr_tools.py,"{missing_values} not found. Please configure this in the <a href='/desk#Form/ERPNextSwiss Settings'>ERPNextSwiss settings</a>.","{missing_values} nicht gefunden. Bitte konfigurieren Sie dies in den <a href='/desk#Form/ERPNextSwiss Settings'>ERPNextSwiss Einstellungen</a>."
Report: Worktime Overview,Worktime Overview,Arbeitszeitübersicht
Report: Worktime Overview,Ignore previous year,Vorjahr ignorieren
DocType: Worktime Settings,Worktime Settings,Arbeitszeiteinstellungen
DocType: Worktime Settings,Daily Hours,Tägliche Stunden
DocType: Worktime Settings,Degree,Anstellungsgrad
DocType: Worktime Settings,Public Holidays,Öffentliche Ferientage
DocType: Worktime Settings,Activity Type Determination,Aktivitätsartzuweisung
DocType: Worktime Settings,Column Label,Spaltenbeschriftung
DocType: Worktime Settings,Target time in hours,Sollzeit (Stunden)
DocType: Worktime Settings,Actual time in hours,Istzeit (Stunden)
DocType: Worktime Settings,Difference in hours,Zeitabweichung (Stunden)
DocType: Worktime Settings,Current holiday balance in days,Urlaubssaldo (Tage)
DocType: Worktime Settings,Worktime Details,Arbeitszeitdetails
DocType: Worktime Settings,Employment Degrees,Anstellungsgrade
DocType: Worktime Settings,Carryover and Payouts,Überträge und Auszahlungen
Report: Monthly Worktime,Monthly Worktime,Arbeitszeit im Monat
Report: Annual Salary Sheet,Annual Salary Sheet,Jahreslohnzettel
Report: Account Sheets,Account Sheets,Kontenblätter
DocType: ERPNextSwiss Settings,Blocking period in days,Sperrfrist in Tagen
DocType: ERPNextSwiss Settings,Payment Reminder Level Blocking Period,Mahnstufen Sperrfristen
Report: Budget Control,Budget Control,Budgetkontrolle
Report: Service Invoicing,Service Invoicing,Dienstleistungsabrechnug
Report: Service Invoicing,Create invoice,Rechnung erstellen
Report: Service Invoicing,Created,Erstellt
Report: Service Invoicing,Service Item,Dienstleistungsartikel
Report: Service Invoicing,Invoicing,Abrechnung
DocType: Salary Certificate Settings,Salary Certificate Settings,Lohnausweis Einstellungen